[{"created_at":"Thu Apr 07 02:49:56 +0000 2016","id":717907231316922400,"id_str":"717907231316922370","text":"RT @the_lovelifeman: Trump Has A Super Sexy Daughter And That's Probably The Best Thing About Him\nhttps://t.co/FWQh9AYqJA https://t.co/svyC…","source":"<a href=\"https://about.twitter.com/products/tweetdeck\" rel=\"nofollow\">TweetDeck</a>","truncated":false,"in_reply_to_status_id":null,"in_reply_to_status_id_str":null,"in_reply_to_user_id":null,"in_reply_to_user_id_str":null,"in_reply_to_screen_name":null,"user":{"id":708205202952691700,"id_str":"708205202952691712","name":"FLIRTATIONS","screen_name":"flirtationskhm1","location":null,"url":null,"description":null,"protected":false,"verified":false,"followers_count":330,"friends_count":235,"listed_count":1,"favourites_count":0,"statuses_count":60,"created_at":"Fri Mar 11 08:17:33 +0000 2016","utc_offset":-25200,"time_zone":"Pacific Time (US & Canada)","geo_enabled":false,"lang":"en","contributors_enabled":false,"is_translator":false,"profile_background_color":"F5F8FA","profile_background_image_url":"","profile_background_image_url_https":"","profile_background_tile":false,"profile_link_color":"2B7BB9","profile_sidebar_border_color":"C0DEED","profile_sidebar_fill_color":"DDEEF6","profile_text_color":"333333","profile_use_background_image":true,"profile_image_url":"http://pbs.twimg.com/profile_images/708209499597709312/ZQkjuFBX_normal.jpg","profile_image_url_https":"https://pbs.twimg.com/profile_images/708209499597709312/ZQkjuFBX_normal.jpg","default_profile":true,"default_profile_image":false,"following":null,"follow_request_sent":null,"notifications":null},"geo":null,"coordinates":null,"place":null,"contributors":null,"retweeted_status":{"created_at":"Wed Apr 06 14:37:17 +0000 2016","id":717722853282435100,"id_str":"717722853282435072","text":"Trump Has A Super Sexy Daughter And That's Probably The Best Thing About Him\nhttps://t.co/FWQh9AYqJA https://t.co/svyCDeUNXG","source":"<a href=\"https://about.twitter.com/products/tweetdeck\" rel=\"nofollow\">TweetDeck</a>","truncated":false,"in_reply_to_status_id":null,"in_reply_to_status_id_str":null,"in_reply_to_user_id":null,"in_reply_to_user_id_str":null,"in_reply_to_screen_name":null,"user":{"id":708512328468181000,"id_str":"708512328468180992","name":"the loveislife","screen_name":"the_lovelifeman","location":null,"url":null,"description":null,"protected":false,"verified":false,"followers_count":938,"friends_count":1902,"listed_count":2,"favourites_count":0,"statuses_count":167,"created_at":"Sat Mar 12 04:37:57 +0000 2016","utc_offset":null,"time_zone":null,"geo_enabled":false,"lang":"en","contributors_enabled":false,"is_translator":false,"profile_background_color":"F5F8FA","profile_background_image_url":"","profile_background_image_url_https":"","profile_background_tile":false,"profile_link_color":"2B7BB9","profile_sidebar_border_color":"C0DEED","profile_sidebar_fill_color":"DDEEF6","profile_text_color":"333333","profile_use_background_image":true,"profile_image_url":"http://pbs.twimg.com/profile_images/708539829185695744/toAa99IO_normal.jpg","profile_image_url_https":"https://pbs.twimg.com/profile_images/708539829185695744/toAa99IO_normal.jpg","default_profile":true,"default_profile_image":false,"following":null,"follow_request_sent":null,"notifications":null},"geo":null,"coordinates":null,"place":null,"contributors":null,"is_quote_status":false,"retweet_count":42,"favorite_count":2,"entities":{"hashtags":[],"urls":[{"url":"https://t.co/FWQh9AYqJA","expanded_url":"http://bit.ly/1VwKpVE","display_url":"bit.ly/1VwKpVE","indices":[77,100]}],"user_mentions":[],"symbols":[],"media":[{"id":717722848727404500,"id_str":"717722848727404549","indices":[101,124],"media_url":"http://pbs.twimg.com/media/CfXdINWUEAUkY28.jpg","media_url_https":"https://pbs.twimg.com/media/CfXdINWUEAUkY28.jpg","url":"https://t.co/svyCDeUNXG","display_url":"pic.twitter.com/svyCDeUNXG","expanded_url":"http://twitter.com/the_lovelifeman/status/717722853282435072/photo/1","type":"photo","sizes":{"medium":{"w":200,"h":200,"resize":"fit"},"large":{"w":200,"h":200,"resize":"fit"},"thumb":{"w":150,"h":150,"resize":"crop"},"small":{"w":200,"h":200,"resize":"fit"}}}]},"extended_entities":{"media":[{"id":717722848727404500,"id_str":"717722848727404549","indices":[101,124],"media_url":"http://pbs.twimg.com/media/CfXdINWUEAUkY28.jpg","media_url_https":"https://pbs.twimg.com/media/CfXdINWUEAUkY28.jpg","url":"https://t.co/svyCDeUNXG","display_url":"pic.twitter.com/svyCDeUNXG","expanded_url":"http://twitter.com/the_lovelifeman/status/717722853282435072/photo/1","type":"photo","sizes":{"medium":{"w":200,"h":200,"resize":"fit"},"large":{"w":200,"h":200,"resize":"fit"},"thumb":{"w":150,"h":150,"resize":"crop"},"small":{"w":200,"h":200,"resize":"fit"}}}]},"favorited":false,"retweeted":false,"possibly_sensitive":false,"filter_level":"low","lang":"en"},"is_quote_status":false,"retweet_count":0,"favorite_count":0,"entities":{"hashtags":[],"urls":[{"url":"https://t.co/FWQh9AYqJA","expanded_url":"http://bit.ly/1VwKpVE","display_url":"bit.ly/1VwKpVE","indices":[98,121]}],"user_mentions":[{"screen_name":"the_lovelifeman","name":"the loveislife","id":708512328468181000,"id_str":"708512328468180992","indices":[3,19]}],"symbols":[],"media":[{"id":717722848727404500,"id_str":"717722848727404549","indices":[122,140],"media_url":"http://pbs.twimg.com/media/CfXdINWUEAUkY28.jpg","media_url_https":"https://pbs.twimg.com/media/CfXdINWUEAUkY28.jpg","url":"https://t.co/svyCDeUNXG","display_url":"pic.twitter.com/svyCDeUNXG","expanded_url":"http://twitter.com/the_lovelifeman/status/717722853282435072/photo/1","type":"photo","sizes":{"medium":{"w":200,"h":200,"resize":"fit"},"large":{"w":200,"h":200,"resize":"fit"},"thumb":{"w":150,"h":150,"resize":"crop"},"small":{"w":200,"h":200,"resize":"fit"}},"source_status_id":717722853282435100,"source_status_id_str":"717722853282435072","source_user_id":708512328468181000,"source_user_id_str":"708512328468180992"}]},"extended_entities":{"media":[{"id":717722848727404500,"id_str":"717722848727404549","indices":[122,140],"media_url":"http://pbs.twimg.com/media/CfXdINWUEAUkY28.jpg","media_url_https":"https://pbs.twimg.com/media/CfXdINWUEAUkY28.jpg","url":"https://t.co/svyCDeUNXG","display_url":"pic.twitter.com/svyCDeUNXG","expanded_url":"http://twitter.com/the_lovelifeman/status/717722853282435072/photo/1","type":"photo","sizes":{"medium":{"w":200,"h":200,"resize":"fit"},"large":{"w":200,"h":200,"resize":"fit"},"thumb":{"w":150,"h":150,"resize":"crop"},"small":{"w":200,"h":200,"resize":"fit"}},"source_status_id":717722853282435100,"source_status_id_str":"717722853282435072","source_user_id":708512328468181000,"source_user_id_str":"708512328468180992"}]},"favorited":false,"retweeted":false,"possibly_sensitive":false,"filter_level":"low","lang":"en","timestamp_ms":"1459997396674"},{"created_at":"Thu Apr 07 02:49:56 +0000 2016","id":717907232080330800,"id_str":"717907232080330752","text":"RT @CloydRivers: Protesters outside a Trump rally stepped and spit on a US flag. Like Trump or not, we're all Americans. Act like it.\nhttps…","source":"<a href=\"http://twitter.com/download/android\" rel=\"nofollow\">Twitter for Android</a>","truncated":false,"in_reply_to_status_id":null,"in_reply_to_status_id_str":null,"in_reply_to_user_id":null,"in_reply_to_user_id_str":null,"in_reply_to_screen_name":null,"user":{"id":177423835,"id_str":"177423835","name":"Dionne","screen_name":"coolbeaner","location":"The Great White North","url":null,"description":"Tough times don't last...tough people do...chin up:) \n\n'With every setback there's a comeback' words to live by.\n\nPlan the work. Work the plan. No excuses.","protected":false,"verified":false,"followers_count":208,"friends_count":460,"listed_count":9,"favourites_count":1931,"statuses_count":12369,"created_at":"Thu Aug 12 02:50:44 +0000 2010","utc_offset":-25200,"time_zone":"Pacific Time (US & Canada)","geo_enabled":false,"lang":"en","contributors_enabled":false,"is_translator":false,"profile_background_color":"FF6699","profile_background_image_url":"http://abs.twimg.com/images/themes/theme11/bg.gif","profile_background_image_url_https":"https://abs.twimg.com/images/themes/theme11/bg.gif","profile_background_tile":true,"profile_link_color":"B40B43","profile_sidebar_border_color":"CC3366","profile_sidebar_fill_color":"E5507E","profile_text_color":"362720","profile_use_background_image":true,"profile_image_url":"http://pbs.twimg.com/profile_images/696730700934811649/5Id8wtth_normal.jpg","profile_image_url_https":"https://pbs.twimg.com/profile_images/696730700934811649/5Id8wtth_normal.jpg","profile_banner_url":"https://pbs.twimg.com/profile_banners/177423835/1404190823","default_profile":false,"default_profile_image":false,"following":null,"follow_request_sent":null,"notifications":null},"geo":null,"coordinates":null,"place":null,"contributors":null,"retweeted_status":{"created_at":"Thu Apr 07 02:33:56 +0000 2016","id":717903204176891900,"id_str":"717903204176891905","text":"Protesters outside a Trump rally stepped and spit on a US flag. Like Trump or not, we're all Americans. Act like it.\nhttps://t.co/wjKbFSq61W","source":"<a href=\"http://twitter.com/download/iphone\" rel=\"nofollow\">Twitter for iPhone</a>","truncated":false,"in_reply_to_status_id":null,"in_reply_to_status_id_str":null,"in_reply_to_user_id":null,"in_reply_to_user_id_str":null,"in_reply_to_screen_name":null,"user":{"id":466645191,"id_str":"466645191","name":"Cloyd Rivers","screen_name":"CloydRivers","location":null,"url":"http://www.CloydRivers.com","description":"Male model. Lost every fight I've ever been in. Born to lose. Merica.","protected":false,"verified":false,"followers_count":1166258,"friends_count":2190,"listed_count":1198,"favourites_count":13678,"statuses_count":9779,"created_at":"Tue Jan 17 16:49:44 +0000 2012","utc_offset":-14400,"time_zone":"Eastern Time (US & Canada)","geo_enabled":false,"lang":"en","contributors_enabled":false,"is_translator":false,"profile_background_color":"C0DEED","profile_background_image_url":"http://abs.twimg.com/images/themes/theme1/bg.png","profile_background_image_url_https":"https://abs.twimg.com/images/themes/theme1/bg.png","profile_background_tile":false,"profile_link_color":"0084B4","profile_sidebar_border_color":"C0DEED","profile_sidebar_fill_color":"DDEEF6","profile_text_color":"333333","profile_use_background_image":true,"profile_image_url":"http://pbs.twimg.com/profile_images/3043244239/26ecb7d1a46b534430f04b447c1ab5d4_normal.png","profile_image_url_https":"https://pbs.twimg.com/profile_images/3043244239/26ecb7d1a46b534430f04b447c1ab5d4_normal.png","default_profile":true,"default_profile_image":false,"following":null,"follow_request_sent":null,"notifications":null},"geo":null,"coordinates":null,"place":null,"contributors":null,"is_quote_status":false,"retweet_count":1524,"favorite_count":1831,"entities":{"hashtags":[],"urls":[],"user_mentions":[],"symbols":[],"media":[{"id":717185172089602000,"id_str":"717185172089602048","indices":[117,140],"media_url":"http://pbs.twimg.com/ext_tw_video_thumb/717185172089602048/pu/img/6L-PXQS5_gRfVLe7.jpg","media_url_https":"https://pbs.twimg.com/ext_tw_video_thumb/717185172089602048/pu/img/6L-PXQS5_gRfVLe7.jpg","url":"https://t.co/wjKbFSq61W","display_url":"pic.twitter.com/wjKbFSq61W","expanded_url":"http://twitter.com/UnSpectateur/status/717185909389524992/video/1","type":"photo","sizes":{"thumb":{"w":150,"h":150,"resize":"crop"},"medium":{"w":600,"h":338,"resize":"fit"},"small":{"w":340,"h":191,"resize":"fit"},"large":{"w":1024,"h":576,"resize":"fit"}},"source_status_id":717185909389525000,"source_status_id_str":"717185909389524992","source_user_id":709374178227425300,"source_user_id_str":"709374178227425280"}]},"extended_entities":{"media":[{"id":717185172089602000,"id_str":"717185172089602048","indices":[117,140],"media_url":"http://pbs.twimg.com/ext_tw_video_thumb/717185172089602048/pu/img/6L-PXQS5_gRfVLe7.jpg","media_url_https":"https://pbs.twimg.com/ext_tw_video_thumb/717185172089602048/pu/img/6L-PXQS5_gRfVLe7.jpg","url":"https://t.co/wjKbFSq61W","display_url":"pic.twitter.com/wjKbFSq61W","expanded_url":"http://twitter.com/UnSpectateur/status/717185909389524992/video/1","type":"video","sizes":{"thumb":{"w":150,"h":150,"resize":"crop"},"medium":{"w":600,"h":338,"resize":"fit"},"small":{"w":340,"h":191,"resize":"fit"},"large":{"w":1024,"h":576,"resize":"fit"}},"source_status_id":717185909389525000,"source_status_id_str":"717185909389524992","source_user_id":709374178227425300,"source_user_id_str":"709374178227425280","video_info":{"aspect_ratio":[16,9],"duration_millis":30000,"variants":[{"content_type":"application/x-mpegURL","url":"https://video.twimg.com/ext_tw_video/717185172089602048/pu/pl/0prR1OjSBckTkGcR.m3u8"},{"content_type":"application/dash+xml","url":"https://video.twimg.com/ext_tw_video/717185172089602048/pu/pl/0prR1OjSBckTkGcR.mpd"},{"bitrate":320000,"content_type":"video/mp4","url":"https://video.twimg.com/ext_tw_video/717185172089602048/pu/vid/320x180/FgXA0H6VVQCVMQkW.mp4"},{"bitrate":832000,"content_type":"video/mp4","url":"https://video.twimg.com/ext_tw_video/717185172089602048/pu/vid/640x360/4-Rj0aOn16kaKMuR.mp4"},{"bitrate":2176000,"content_type":"video/mp4","url":"https://video.twimg.com/ext_tw_video/717185172089602048/pu/vid/1280x720/ncwfY36Q6bNMddxS.mp4"}]}}]},"favorited":false,"retweeted":false,"possibly_sensitive":false,"filter_level":"low","lang":"en"},"is_quote_status":false,"retweet_count":0,"favorite_count":0,"entities":{"hashtags":[],"urls":[],"user_mentions":[{"screen_name":"CloydRivers","name":"Cloyd Rivers","id":466645191,"id_str":"466645191","indices":[3,15]}],"symbols":[],"media":[{"id":717185172089602000,"id_str":"717185172089602048","indices":[139,140],"media_url":"http://pbs.twimg.com/ext_tw_video_thumb/717185172089602048/pu/img/6L-PXQS5_gRfVLe7.jpg","media_url_https":"https://pbs.twimg.com/ext_tw_video_thumb/717185172089602048/pu/img/6L-PXQS5_gRfVLe7.jpg","url":"https://t.co/wjKbFSq61W","display_url":"pic.twitter.com/wjKbFSq61W","expanded_url":"http://twitter.com/UnSpectateur/status/717185909389524992/video/1","type":"photo","sizes":{"thumb":{"w":150,"h":150,"resize":"crop"},"medium":{"w":600,"h":338,"resize":"fit"},"small":{"w":340,"h":191,"resize":"fit"},"large":{"w":1024,"h":576,"resize":"fit"}},"source_status_id":717185909389525000,"source_status_id_str":"717185909389524992","source_user_id":709374178227425300,"source_user_id_str":"709374178227425280"}]},"extended_entities":{"media":[{"id":717185172089602000,"id_str":"717185172089602048","indices":[139,140],"media_url":"http://pbs.twimg.com/ext_tw_video_thumb/717185172089602048/pu/img/6L-PXQS5_gRfVLe7.jpg","media_url_https":"https://pbs.twimg.com/ext_tw_video_thumb/717185172089602048/pu/img/6L-PXQS5_gRfVLe7.jpg","url":"https://t.co/wjKbFSq61W","display_url":"pic.twitter.com/wjKbFSq61W","expanded_url":"http://twitter.com/UnSpectateur/status/717185909389524992/video/1","type":"video","sizes":{"thumb":{"w":150,"h":150,"resize":"crop"},"medium":{"w":600,"h":338,"resize":"fit"},"small":{"w":340,"h":191,"resize":"fit"},"large":{"w":1024,"h":576,"resize":"fit"}},"source_status_id":717185909389525000,"source_status_id_str":"717185909389524992","source_user_id":709374178227425300,"source_user_id_str":"709374178227425280","video_info":{"aspect_ratio":[16,9],"duration_millis":30000,"variants":[{"content_type":"application/x-mpegURL","url":"https://video.twimg.com/ext_tw_video/717185172089602048/pu/pl/0prR1OjSBckTkGcR.m3u8"},{"content_type":"application/dash+xml","url":"https://video.twimg.com/ext_tw_video/717185172089602048/pu/pl/0prR1OjSBckTkGcR.mpd"},{"bitrate":320000,"content_type":"video/mp4","url":"https://video.twimg.com/ext_tw_video/717185172089602048/pu/vid/320x180/FgXA0H6VVQCVMQkW.mp4"},{"bitrate":832000,"content_type":"video/mp4","url":"https://video.twimg.com/ext_tw_video/717185172089602048/pu/vid/640x360/4-Rj0aOn16kaKMuR.mp4"},{"bitrate":2176000,"content_type":"video/mp4","url":"https://video.twimg.com/ext_tw_video/717185172089602048/pu/vid/1280x720/ncwfY36Q6bNMddxS.mp4"}]}}]},"favorited":false,"retweeted":false,"possibly_sensitive":false,"filter_level":"low","lang":"en","timestamp_ms":"1459997396856"},{"created_at":"Thu Apr 07 02:49:56 +0000 2016","id":717907232004776000,"id_str":"717907232004775936","text":"@TedCruz  Madams Black Book w Hookers &amp; Mistresses Speaking after Pastor said Kill All Gays Let me Introduce Cruz https://t.co/ocDlxzfnnW","source":"<a href=\"http://twitter.com/#!/download/ipad\" rel=\"nofollow\">Twitter for iPad</a>","truncated":false,"in_reply_to_status_id":null,"in_reply_to_status_id_str":null,"in_reply_to_user_id":23022687,"in_reply_to_user_id_str":"23022687","in_reply_to_screen_name":"tedcruz","user":{"id":487769182,"id_str":"487769182","name":"suzanne ostrowski","screen_name":"suzost","location":null,"url":null,"description":"Common Sense Conservative! Our Country needs Trump to lead! God Bless America❤ #TrumpTrain #Trump2016 #Vets #Patriot #2A","protected":false,"verified":false,"followers_count":7147,"friends_count":6845,"listed_count":350,"favourites_count":483,"statuses_count":119307,"created_at":"Thu Feb 09 18:31:54 +0000 2012","utc_offset":null,"time_zone":null,"geo_enabled":false,"lang":"en","contributors_enabled":false,"is_translator":false,"profile_background_color":"C0DEED","profile_background_image_url":"http://abs.twimg.com/images/themes/theme1/bg.png","profile_background_image_url_https":"https://abs.twimg.com/images/themes/theme1/bg.png","profile_background_tile":false,"profile_link_color":"0084B4","profile_sidebar_border_color":"C0DEED","profile_sidebar_fill_color":"DDEEF6","profile_text_color":"333333","profile_use_background_image":true,"profile_image_url":"http://pbs.twimg.com/profile_images/706660874904145923/6Vq4xQyK_normal.jpg","profile_image_url_https":"https://pbs.twimg.com/profile_images/706660874904145923/6Vq4xQyK_normal.jpg","profile_banner_url":"https://pbs.twimg.com/profile_banners/487769182/1459985449","default_profile":true,"default_profile_image":false,"following":null,"follow_request_sent":null,"notifications":null},"geo":null,"coordinates":null,"place":null,"contributors":null,"quoted_status_id":717876172961488900,"quoted_status_id_str":"717876172961488896","quoted_status":{"created_at":"Thu Apr 07 00:46:31 +0000 2016","id":717876172961488900,"id_str":"717876172961488896","text":"@HouseCracka @TOVAOD @CLewandowski_ @EricTrump @DanScavino As Trump is exposed,  his numbers decline, he is unelectable @FoxNews @CNN @msnbc","source":"<a href=\"http://twitter.com/#!/download/ipad\" rel=\"nofollow\">Twitter for iPad</a>","truncated":false,"in_reply_to_status_id":717869695764971500,"in_reply_to_status_id_str":"717869695764971520","in_reply_to_user_id":16190478,"in_reply_to_user_id_str":"16190478","in_reply_to_screen_name":"HouseCracka","user":{"id":4206673199,"id_str":"4206673199","name":"Patriots Beacon","screen_name":"PatriotsBeacon","location":"Birthplace of America","url":null,"description":"#Christian #Conservative #Constitution #ProLife #TCOT #NRA #Military #1A #2A","protected":false,"verified":false,"followers_count":226,"friends_count":319,"listed_count":6,"favourites_count":1647,"statuses_count":766,"created_at":"Tue Nov 17 03:07:53 +0000 2015","utc_offset":null,"time_zone":null,"geo_enabled":false,"lang":"en","contributors_enabled":false,"is_translator":false,"profile_background_color":"C0DEED","profile_background_image_url":"http://abs.twimg.com/images/themes/theme1/bg.png","profile_background_image_url_https":"https://abs.twimg.com/images/themes/theme1/bg.png","profile_background_tile":false,"profile_link_color":"0084B4","profile_sidebar_border_color":"C0DEED","profile_sidebar_fill_color":"DDEEF6","profile_text_color":"333333","profile_use_background_image":true,"profile_image_url":"http://pbs.twimg.com/profile_images/666453082713161728/tsiaLa6w_normal.jpg","profile_image_url_https":"https://pbs.twimg.com/profile_images/666453082713161728/tsiaLa6w_normal.jpg","profile_banner_url":"https://pbs.twimg.com/profile_banners/4206673199/1447733902","default_profile":true,"default_profile_image":false,"following":null,"follow_request_sent":null,"notifications":null},"geo":null,"coordinates":null,"place":null,"contributors":null,"is_quote_status":false,"retweet_count":0,"favorite_count":0,"entities":{"hashtags":[],"urls":[],"user_mentions":[{"screen_name":"HouseCracka","name":"** TRUMP **","id":16190478,"id_str":"16190478","indices":[0,12]},{"screen_name":"TOVAOD","name":"Kelly","id":1553281753,"id_str":"1553281753","indices":[13,20]},{"screen_name":"CLewandowski_","name":"Corey Lewandowski","id":4121225056,"id_str":"4121225056","indices":[21,35]},{"screen_name":"EricTrump","name":"Eric Trump","id":39349894,"id_str":"39349894","indices":[36,46]},{"screen_name":"DanScavino","name":"Dan Scavino","id":620571475,"id_str":"620571475","indices":[47,58]},{"screen_name":"FoxNews","name":"Fox News","id":1367531,"id_str":"1367531","indices":[120,128]},{"screen_name":"CNN","name":"CNN","id":759251,"id_str":"759251","indices":[129,133]},{"screen_name":"MSNBC","name":"MSNBC","id":2836421,"id_str":"2836421","indices":[134,140]}],"symbols":[]},"favorited":false,"retweeted":false,"filter_level":"low","lang":"en"},"is_quote_status":true,"retweet_count":0,"favorite_count":0,"entities":{"hashtags":[],"urls":[{"url":"https://t.co/ocDlxzfnnW","expanded_url":"https://twitter.com/patriotsbeacon/status/717876172961488896","display_url":"twitter.com/patriotsbeacon…","indices":[118,141]}],"user_mentions":[{"screen_name":"tedcruz","name":"Ted Cruz","id":23022687,"id_str":"23022687","indices":[0,8]}],"symbols":[]},"favorited":false,"retweeted":false,"possibly_sensitive":false,"filter_level":"low","lang":"en","timestamp_ms":"1459997396838"},{"created_at":"Thu Apr 07 02:49:57 +0000 2016","id":717907232952717300,"id_str":"717907232952717313","text":"RT @the_lovelifeman: Trump Has A Super Sexy Daughter And That's Probably The Best Thing About Him\nhttps://t.co/FWQh9AYqJA https://t.co/svyC…","source":"<a href=\"https://about.twitter.com/products/tweetdeck\" rel=\"nofollow\">TweetDeck</a>","truncated":false,"in_reply_to_status_id":null,"in_reply_to_status_id_str":null,"in_reply_to_user_id":null,"in_reply_to_user_id_str":null,"in_reply_to_screen_name":null,"user":{"id":707248413465665500,"id_str":"707248413465665536","name":"Gbby Epspein","screen_name":"lowskeyes","location":null,"url":null,"description":null,"protected":false,"verified":false,"followers_count":854,"friends_count":1076,"listed_count":2,"favourites_count":0,"statuses_count":25,"created_at":"Tue Mar 08 16:55:36 +0000 2016","utc_offset":-25200,"time_zone":"Pacific Time (US & Canada)","geo_enabled":false,"lang":"en","contributors_enabled":false,"is_translator":false,"profile_background_color":"F5F8FA","profile_background_image_url":"","profile_background_image_url_https":"","profile_background_tile":false,"profile_link_color":"2B7BB9","profile_sidebar_border_color":"C0DEED","profile_sidebar_fill_color":"DDEEF6","profile_text_color":"333333","profile_use_background_image":true,"profile_image_url":"http://pbs.twimg.com/profile_images/707254391401619456/DBX17TBB_normal.jpg","profile_image_url_https":"https://pbs.twimg.com/profile_images/707254391401619456/DBX17TBB_normal.jpg","default_profile":true,"default_profile_image":false,"following":null,"follow_request_sent":null,"notifications":null},"geo":null,"coordinates":null,"place":null,"contributors":null,"retweeted_status":{"created_at":"Wed Apr 06 14:37:17 +0000 2016","id":717722853282435100,"id_str":"717722853282435072","text":"Trump Has A Super Sexy Daughter And That's Probably The Best Thing About Him\nhttps://t.co/FWQh9AYqJA https://t.co/svyCDeUNXG","source":"<a href=\"https://about.twitter.com/products/tweetdeck\" rel=\"nofollow\">TweetDeck</a>","truncated":false,"in_reply_to_status_id":null,"in_reply_to_status_id_str":null,"in_reply_to_user_id":null,"in_reply_to_user_id_str":null,"in_reply_to_screen_name":null,"user":{"id":708512328468181000,"id_str":"708512328468180992","name":"the loveislife","screen_name":"the_lovelifeman","location":null,"url":null,"description":null,"protected":false,"verified":false,"followers_count":938,"friends_count":1902,"listed_count":2,"favourites_count":0,"statuses_count":167,"created_at":"Sat Mar 12 04:37:57 +0000 2016","utc_offset":null,"time_zone":null,"geo_enabled":false,"lang":"en","contributors_enabled":false,"is_translator":false,"profile_background_color":"F5F8FA","profile_background_image_url":"","profile_background_image_url_https":"","profile_background_tile":false,"profile_link_color":"2B7BB9","profile_sidebar_border_color":"C0DEED","profile_sidebar_fill_color":"DDEEF6","profile_text_color":"333333","profile_use_background_image":true,"profile_image_url":"http://pbs.twimg.com/profile_images/708539829185695744/toAa99IO_normal.jpg","profile_image_url_https":"https://pbs.twimg.com/profile_images/708539829185695744/toAa99IO_normal.jpg","default_profile":true,"default_profile_image":false,"following":null,"follow_request_sent":null,"notifications":null},"geo":null,"coordinates":null,"place":null,"contributors":null,"is_quote_status":false,"retweet_count":51,"favorite_count":2,"entities":{"hashtags":[],"urls":[{"url":"https://t.co/FWQh9AYqJA","expanded_url":"http://bit.ly/1VwKpVE","display_url":"bit.ly/1VwKpVE","indices":[77,100]}],"user_mentions":[],"symbols":[],"media":[{"id":717722848727404500,"id_str":"717722848727404549","indices":[101,124],"media_url":"http://pbs.twimg.com/media/CfXdINWUEAUkY28.jpg","media_url_https":"https://pbs.twimg.com/media/CfXdINWUEAUkY28.jpg","url":"https://t.co/svyCDeUNXG","display_url":"pic.twitter.com/svyCDeUNXG","expanded_url":"http://twitter.com/the_lovelifeman/status/717722853282435072/photo/1","type":"photo","sizes":{"medium":{"w":200,"h":200,"resize":"fit"},"large":{"w":200,"h":200,"resize":"fit"},"thumb":{"w":150,"h":150,"resize":"crop"},"small":{"w":200,"h":200,"resize":"fit"}}}]},"extended_entities":{"media":[{"id":717722848727404500,"id_str":"717722848727404549","indices":[101,124],"media_url":"http://pbs.twimg.com/media/CfXdINWUEAUkY28.jpg","media_url_https":"https://pbs.twimg.com/media/CfXdINWUEAUkY28.jpg","url":"https://t.co/svyCDeUNXG","display_url":"pic.twitter.com/svyCDeUNXG","expanded_url":"http://twitter.com/the_lovelifeman/status/717722853282435072/photo/1","type":"photo","sizes":{"medium":{"w":200,"h":200,"resize":"fit"},"large":{"w":200,"h":200,"resize":"fit"},"thumb":{"w":150,"h":150,"resize":"crop"},"small":{"w":200,"h":200,"resize":"fit"}}}]},"favorited":false,"retweeted":false,"possibly_sensitive":false,"filter_level":"low","lang":"en"},"is_quote_status":false,"retweet_count":0,"favorite_count":0,"entities":{"hashtags":[],"urls":[{"url":"https://t.co/FWQh9AYqJA","expanded_url":"http://bit.ly/1VwKpVE","display_url":"bit.ly/1VwKpVE","indices":[98,121]}],"user_mentions":[{"screen_name":"the_lovelifeman","name":"the loveislife","id":708512328468181000,"id_str":"708512328468180992","indices":[3,19]}],"symbols":[],"media":[{"id":717722848727404500,"id_str":"717722848727404549","indices":[122,140],"media_url":"http://pbs.twimg.com/media/CfXdINWUEAUkY28.jpg","media_url_https":"https://pbs.twimg.com/media/CfXdINWUEAUkY28.jpg","url":"https://t.co/svyCDeUNXG","display_url":"pic.twitter.com/svyCDeUNXG","expanded_url":"http://twitter.com/the_lovelifeman/status/717722853282435072/photo/1","type":"photo","sizes":{"medium":{"w":200,"h":200,"resize":"fit"},"large":{"w":200,"h":200,"resize":"fit"},"thumb":{"w":150,"h":150,"resize":"crop"},"small":{"w":200,"h":200,"resize":"fit"}},"source_status_id":717722853282435100,"source_status_id_str":"717722853282435072","source_user_id":708512328468181000,"source_user_id_str":"708512328468180992"}]},"extended_entities":{"media":[{"id":717722848727404500,"id_str":"717722848727404549","indices":[122,140],"media_url":"http://pbs.twimg.com/media/CfXdINWUEAUkY28.jpg","media_url_https":"https://pbs.twimg.com/media/CfXdINWUEAUkY28.jpg","url":"https://t.co/svyCDeUNXG","display_url":"pic.twitter.com/svyCDeUNXG","expanded_url":"http://twitter.com/the_lovelifeman/status/717722853282435072/photo/1","type":"photo","sizes":{"medium":{"w":200,"h":200,"resize":"fit"},"large":{"w":200,"h":200,"resize":"fit"},"thumb":{"w":150,"h":150,"resize":"crop"},"small":{"w":200,"h":200,"resize":"fit"}},"source_status_id":717722853282435100,"source_status_id_str":"717722853282435072","source_user_id":708512328468181000,"source_user_id_str":"708512328468180992"}]},"favorited":false,"retweeted":false,"possibly_sensitive":false,"filter_level":"low","lang":"en","timestamp_ms":"1459997397064"},{"created_at":"Thu Apr 07 02:49:57 +0000 2016","id":717907233082839000,"id_str":"717907233082839041","text":"RT @the_lovelifeman: Trump Has A Super Sexy Daughter And That's Probably The Best Thing About Him\nhttps://t.co/FWQh9AYqJA https://t.co/svyC…","source":"<a href=\"https://about.twitter.com/products/tweetdeck\" rel=\"nofollow\">TweetDeck</a>","truncated":false,"in_reply_to_status_id":null,"in_reply_to_status_id_str":null,"in_reply_to_user_id":null,"in_reply_to_user_id_str":null,"in_reply_to_screen_name":null,"user":{"id":4753709042,"id_str":"4753709042","name":"Home Of Hand","screen_name":"homeofhand","location":null,"url":null,"description":"All my life, my heart has yearned for a thing I cannot name...","protected":false,"verified":false,"followers_count":3237,"friends_count":4124,"listed_count":1,"favourites_count":35,"statuses_count":29,"created_at":"Wed Jan 13 15:25:12 +0000 2016","utc_offset":-25200,"time_zone":"Pacific Time (US & Canada)","geo_enabled":false,"lang":"en","contributors_enabled":false,"is_translator":false,"profile_background_color":"F5F8FA","profile_background_image_url":"","profile_background_image_url_https":"","profile_background_tile":false,"profile_link_color":"2B7BB9","profile_sidebar_border_color":"C0DEED","profile_sidebar_fill_color":"DDEEF6","profile_text_color":"333333","profile_use_background_image":true,"profile_image_url":"http://pbs.twimg.com/profile_images/690998518278795264/PxRJkjAu_normal.jpg","profile_image_url_https":"https://pbs.twimg.com/profile_images/690998518278795264/PxRJkjAu_normal.jpg","profile_banner_url":"https://pbs.twimg.com/profile_banners/4753709042/1453581808","default_profile":true,"default_profile_image":false,"following":null,"follow_request_sent":null,"notifications":null},"geo":null,"coordinates":null,"place":null,"contributors":null,"retweeted_status":{"created_at":"Wed Apr 06 14:37:17 +0000 2016","id":717722853282435100,"id_str":"717722853282435072","text":"Trump Has A Super Sexy Daughter And That's Probably The Best Thing About Him\nhttps://t.co/FWQh9AYqJA https://t.co/svyCDeUNXG","source":"<a href=\"https://about.twitter.com/products/tweetdeck\" rel=\"nofollow\">TweetDeck</a>","truncated":false,"in_reply_to_status_id":null,"in_reply_to_status_id_str":null,"in_reply_to_user_id":null,"in_reply_to_user_id_str":null,"in_reply_to_screen_name":null,"user":{"id":708512328468181000,"id_str":"708512328468180992","name":"the loveislife","screen_name":"the_lovelifeman","location":null,"url":null,"description":null,"protected":false,"verified":false,"followers_count":938,"friends_count":1902,"listed_count":2,"favourites_count":0,"statuses_count":167,"created_at":"Sat Mar 12 04:37:57 +0000 2016","utc_offset":null,"time_zone":null,"geo_enabled":false,"lang":"en","contributors_enabled":false,"is_translator":false,"profile_background_color":"F5F8FA","profile_background_image_url":"","profile_background_image_url_https":"","profile_background_tile":false,"profile_link_color":"2B7BB9","profile_sidebar_border_color":"C0DEED","profile_sidebar_fill_color":"DDEEF6","profile_text_color":"333333","profile_use_background_image":true,"profile_image_url":"http://pbs.twimg.com/profile_images/708539829185695744/toAa99IO_normal.jpg","profile_image_url_https":"https://pbs.twimg.com/profile_images/708539829185695744/toAa99IO_normal.jpg","default_profile":true,"default_profile_image":false,"following":null,"follow_request_sent":null,"notifications":null},"geo":null,"coordinates":null,"place":null,"contributors":null,"is_quote_status":false,"retweet_count":51,"favorite_count":2,"entities":{"hashtags":[],"urls":[{"url":"https://t.co/FWQh9AYqJA","expanded_url":"http://bit.ly/1VwKpVE","display_url":"bit.ly/1VwKpVE","indices":[77,100]}],"user_mentions":[],"symbols":[],"media":[{"id":717722848727404500,"id_str":"717722848727404549","indices":[101,124],"media_url":"http://pbs.twimg.com/media/CfXdINWUEAUkY28.jpg","media_url_https":"https://pbs.twimg.com/media/CfXdINWUEAUkY28.jpg","url":"https://t.co/svyCDeUNXG","display_url":"pic.twitter.com/svyCDeUNXG","expanded_url":"http://twitter.com/the_lovelifeman/status/717722853282435072/photo/1","type":"photo","sizes":{"medium":{"w":200,"h":200,"resize":"fit"},"large":{"w":200,"h":200,"resize":"fit"},"thumb":{"w":150,"h":150,"resize":"crop"},"small":{"w":200,"h":200,"resize":"fit"}}}]},"extended_entities":{"media":[{"id":717722848727404500,"id_str":"717722848727404549","indices":[101,124],"media_url":"http://pbs.twimg.com/media/CfXdINWUEAUkY28.jpg","media_url_https":"https://pbs.twimg.com/media/CfXdINWUEAUkY28.jpg","url":"https://t.co/svyCDeUNXG","display_url":"pic.twitter.com/svyCDeUNXG","expanded_url":"http://twitter.com/the_lovelifeman/status/717722853282435072/photo/1","type":"photo","sizes":{"medium":{"w":200,"h":200,"resize":"fit"},"large":{"w":200,"h":200,"resize":"fit"},"thumb":{"w":150,"h":150,"resize":"crop"},"small":{"w":200,"h":200,"resize":"fit"}}}]},"favorited":false,"retweeted":false,"possibly_sensitive":false,"filter_level":"low","lang":"en"},"is_quote_status":false,"retweet_count":0,"favorite_count":0,"entities":{"hashtags":[],"urls":[{"url":"https://t.co/FWQh9AYqJA","expanded_url":"http://bit.ly/1VwKpVE","display_url":"bit.ly/1VwKpVE","indices":[98,121]}],"user_mentions":[{"screen_name":"the_lovelifeman","name":"the loveislife","id":708512328468181000,"id_str":"708512328468180992","indices":[3,19]}],"symbols":[],"media":[{"id":717722848727404500,"id_str":"717722848727404549","indices":[122,140],"media_url":"http://pbs.twimg.com/media/CfXdINWUEAUkY28.jpg","media_url_https":"https://pbs.twimg.com/media/CfXdINWUEAUkY28.jpg","url":"https://t.co/svyCDeUNXG","display_url":"pic.twitter.com/svyCDeUNXG","expanded_url":"http://twitter.com/the_lovelifeman/status/717722853282435072/photo/1","type":"photo","sizes":{"medium":{"w":200,"h":200,"resize":"fit"},"large":{"w":200,"h":200,"resize":"fit"},"thumb":{"w":150,"h":150,"resize":"crop"},"small":{"w":200,"h":200,"resize":"fit"}},"source_status_id":717722853282435100,"source_status_id_str":"717722853282435072","source_user_id":708512328468181000,"source_user_id_str":"708512328468180992"}]},"extended_entities":{"media":[{"id":717722848727404500,"id_str":"717722848727404549","indices":[122,140],"media_url":"http://pbs.twimg.com/media/CfXdINWUEAUkY28.jpg","media_url_https":"https://pbs.twimg.com/media/CfXdINWUEAUkY28.jpg","url":"https://t.co/svyCDeUNXG","display_url":"pic.twitter.com/svyCDeUNXG","expanded_url":"http://twitter.com/the_lovelifeman/status/717722853282435072/photo/1","type":"photo","sizes":{"medium":{"w":200,"h":200,"resize":"fit"},"large":{"w":200,"h":200,"resize":"fit"},"thumb":{"w":150,"h":150,"resize":"crop"},"small":{"w":200,"h":200,"resize":"fit"}},"source_status_id":717722853282435100,"source_status_id_str":"717722853282435072","source_user_id":708512328468181000,"source_user_id_str":"708512328468180992"}]},"favorited":false,"retweeted":false,"possibly_sensitive":false,"filter_level":"low","lang":"en","timestamp_ms":"1459997397095"},{"created_at":"Thu Apr 07 02:49:57 +0000 2016","id":717907232935907300,"id_str":"717907232935907328","text":"RT @the_lovelifeman: Trump Has A Super Sexy Daughter And That's Probably The Best Thing About Him\nhttps://t.co/FWQh9AYqJA https://t.co/svyC…","source":"<a href=\"https://about.twitter.com/products/tweetdeck\" rel=\"nofollow\">TweetDeck</a>","truncated":false,"in_reply_to_status_id":null,"in_reply_to_status_id_str":null,"in_reply_to_user_id":null,"in_reply_to_user_id_str":null,"in_reply_to_screen_name":null,"user":{"id":707445679166246900,"id_str":"707445679166246916","name":"GIRL VIBE","screen_name":"itsgirlvibe","location":null,"url":null,"description":null,"protected":false,"verified":false,"followers_count":297,"friends_count":459,"listed_count":3,"favourites_count":0,"statuses_count":26,"created_at":"Wed Mar 09 05:59:28 +0000 2016","utc_offset":null,"time_zone":null,"geo_enabled":false,"lang":"en","contributors_enabled":false,"is_translator":false,"profile_background_color":"F5F8FA","profile_background_image_url":"","profile_background_image_url_https":"","profile_background_tile":false,"profile_link_color":"2B7BB9","profile_sidebar_border_color":"C0DEED","profile_sidebar_fill_color":"DDEEF6","profile_text_color":"333333","profile_use_background_image":true,"profile_image_url":"http://pbs.twimg.com/profile_images/707446377949876224/f59tctKH_normal.jpg","profile_image_url_https":"https://pbs.twimg.com/profile_images/707446377949876224/f59tctKH_normal.jpg","default_profile":true,"default_profile_image":false,"following":null,"follow_request_sent":null,"notifications":null},"geo":null,"coordinates":null,"place":null,"contributors":null,"retweeted_status":{"created_at":"Wed Apr 06 14:37:17 +0000 2016","id":717722853282435100,"id_str":"717722853282435072","text":"Trump Has A Super Sexy Daughter And That's Probably The Best Thing About Him\nhttps://t.co/FWQh9AYqJA https://t.co/svyCDeUNXG","source":"<a href=\"https://about.twitter.com/products/tweetdeck\" rel=\"nofollow\">TweetDeck</a>","truncated":false,"in_reply_to_status_id":null,"in_reply_to_status_id_str":null,"in_reply_to_user_id":null,"in_reply_to_user_id_str":null,"in_reply_to_screen_name":null,"user":{"id":708512328468181000,"id_str":"708512328468180992","name":"the loveislife","screen_name":"the_lovelifeman","location":null,"url":null,"description":null,"protected":false,"verified":false,"followers_count":938,"friends_count":1902,"listed_count":2,"favourites_count":0,"statuses_count":167,"created_at":"Sat Mar 12 04:37:57 +0000 2016","utc_offset":null,"time_zone":null,"geo_enabled":false,"lang":"en","contributors_enabled":false,"is_translator":false,"profile_background_color":"F5F8FA","profile_background_image_url":"","profile_background_image_url_https":"","profile_background_tile":false,"profile_link_color":"2B7BB9","profile_sidebar_border_color":"C0DEED","profile_sidebar_fill_color":"DDEEF6","profile_text_color":"333333","profile_use_background_image":true,"profile_image_url":"http://pbs.twimg.com/profile_images/708539829185695744/toAa99IO_normal.jpg","profile_image_url_https":"https://pbs.twimg.com/profile_images/708539829185695744/toAa99IO_normal.jpg","default_profile":true,"default_profile_image":false,"following":null,"follow_request_sent":null,"notifications":null},"geo":null,"coordinates":null,"place":null,"contributors":null,"is_quote_status":false,"retweet_count":51,"favorite_count":2,"entities":{"hashtags":[],"urls":[{"url":"https://t.co/FWQh9AYqJA","expanded_url":"http://bit.ly/1VwKpVE","display_url":"bit.ly/1VwKpVE","indices":[77,100]}],"user_mentions":[],"symbols":[],"media":[{"id":717722848727404500,"id_str":"717722848727404549","indices":[101,124],"media_url":"http://pbs.twimg.com/media/CfXdINWUEAUkY28.jpg","media_url_https":"https://pbs.twimg.com/media/CfXdINWUEAUkY28.jpg","url":"https://t.co/svyCDeUNXG","display_url":"pic.twitter.com/svyCDeUNXG","expanded_url":"http://twitter.com/the_lovelifeman/status/717722853282435072/photo/1","type":"photo","sizes":{"medium":{"w":200,"h":200,"resize":"fit"},"large":{"w":200,"h":200,"resize":"fit"},"thumb":{"w":150,"h":150,"resize":"crop"},"small":{"w":200,"h":200,"resize":"fit"}}}]},"extended_entities":{"media":[{"id":717722848727404500,"id_str":"717722848727404549","indices":[101,124],"media_url":"http://pbs.twimg.com/media/CfXdINWUEAUkY28.jpg","media_url_https":"https://pbs.twimg.com/media/CfXdINWUEAUkY28.jpg","url":"https://t.co/svyCDeUNXG","display_url":"pic.twitter.com/svyCDeUNXG","expanded_url":"http://twitter.com/the_lovelifeman/status/717722853282435072/photo/1","type":"photo","sizes":{"medium":{"w":200,"h":200,"resize":"fit"},"large":{"w":200,"h":200,"resize":"fit"},"thumb":{"w":150,"h":150,"resize":"crop"},"small":{"w":200,"h":200,"resize":"fit"}}}]},"favorited":false,"retweeted":false,"possibly_sensitive":false,"filter_level":"low","lang":"en"},"is_quote_status":false,"retweet_count":0,"favorite_count":0,"entities":{"hashtags":[],"urls":[{"url":"https://t.co/FWQh9AYqJA","expanded_url":"http://bit.ly/1VwKpVE","display_url":"bit.ly/1VwKpVE","indices":[98,121]}],"user_mentions":[{"screen_name":"the_lovelifeman","name":"the loveislife","id":708512328468181000,"id_str":"708512328468180992","indices":[3,19]}],"symbols":[],"media":[{"id":717722848727404500,"id_str":"717722848727404549","indices":[122,140],"media_url":"http://pbs.twimg.com/media/CfXdINWUEAUkY28.jpg","media_url_https":"https://pbs.twimg.com/media/CfXdINWUEAUkY28.jpg","url":"https://t.co/svyCDeUNXG","display_url":"pic.twitter.com/svyCDeUNXG","expanded_url":"http://twitter.com/the_lovelifeman/status/717722853282435072/photo/1","type":"photo","sizes":{"medium":{"w":200,"h":200,"resize":"fit"},"large":{"w":200,"h":200,"resize":"fit"},"thumb":{"w":150,"h":150,"resize":"crop"},"small":{"w":200,"h":200,"resize":"fit"}},"source_status_id":717722853282435100,"source_status_id_str":"717722853282435072","source_user_id":708512328468181000,"source_user_id_str":"708512328468180992"}]},"extended_entities":{"media":[{"id":717722848727404500,"id_str":"717722848727404549","indices":[122,140],"media_url":"http://pbs.twimg.com/media/CfXdINWUEAUkY28.jpg","media_url_https":"https://pbs.twimg.com/media/CfXdINWUEAUkY28.jpg","url":"https://t.co/svyCDeUNXG","display_url":"pic.twitter.com/svyCDeUNXG","expanded_url":"http://twitter.com/the_lovelifeman/status/717722853282435072/photo/1","type":"photo","sizes":{"medium":{"w":200,"h":200,"resize":"fit"},"large":{"w":200,"h":200,"resize":"fit"},"thumb":{"w":150,"h":150,"resize":"crop"},"small":{"w":200,"h":200,"resize":"fit"}},"source_status_id":717722853282435100,"source_status_id_str":"717722853282435072","source_user_id":708512328468181000,"source_user_id_str":"708512328468180992"}]},"favorited":false,"retweeted":false,"possibly_sensitive":false,"filter_level":"low","lang":"en","timestamp_ms":"1459997397060"}]