[{"created_at":"Sun Apr 10 14:11:09 +0000 2016","id":719165828160049200,"id_str":"719165828160049153","text":"RT @realDonaldTrump: \"@getreal1234: @realDonaldTrump @Kids123Nicholas @gqforbes @RepTomMarino let's go Pa he has my vote Go Trump\"","source":"<a href=\"http://twitter.com/download/iphone\" rel=\"nofollow\">Twitter for iPhone</a>","truncated":false,"in_reply_to_status_id":null,"in_reply_to_status_id_str":null,"in_reply_to_user_id":null,"in_reply_to_user_id_str":null,"in_reply_to_screen_name":null,"user":{"id":3740933056,"id_str":"3740933056","name":"Arthur coffey","screen_name":"coffey_arthur","location":null,"url":null,"description":null,"protected":false,"verified":false,"followers_count":1166,"friends_count":1970,"listed_count":17,"favourites_count":50317,"statuses_count":37336,"created_at":"Tue Sep 22 17:18:53 +0000 2015","utc_offset":null,"time_zone":null,"geo_enabled":false,"lang":"en","contributors_enabled":false,"is_translator":false,"profile_background_color":"C0DEED","profile_background_image_url":"http://abs.twimg.com/images/themes/theme1/bg.png","profile_background_image_url_https":"https://abs.twimg.com/images/themes/theme1/bg.png","profile_background_tile":false,"profile_link_color":"0084B4","profile_sidebar_border_color":"C0DEED","profile_sidebar_fill_color":"DDEEF6","profile_text_color":"333333","profile_use_background_image":true,"profile_image_url":"http://abs.twimg.com/sticky/default_profile_images/default_profile_0_normal.png","profile_image_url_https":"https://abs.twimg.com/sticky/default_profile_images/default_profile_0_normal.png","default_profile":true,"default_profile_image":true,"following":null,"follow_request_sent":null,"notifications":null},"geo":null,"coordinates":null,"place":null,"contributors":null,"retweeted_status":{"created_at":"Sun Apr 10 11:25:38 +0000 2016","id":719124172903997400,"id_str":"719124172903997441","text":"\"@getreal1234: @realDonaldTrump @Kids123Nicholas @gqforbes @RepTomMarino let's go Pa he has my vote Go Trump\"","source":"<a href=\"http://twitter.com/download/android\" rel=\"nofollow\">Twitter for Android</a>","truncated":false,"in_reply_to_status_id":null,"in_reply_to_status_id_str":null,"in_reply_to_user_id":null,"in_reply_to_user_id_str":null,"in_reply_to_screen_name":null,"user":{"id":25073877,"id_str":"25073877","name":"Donald J. Trump","screen_name":"realDonaldTrump","location":"New York, NY","url":"http://www.DonaldJTrump.com","description":"#MakeAmericaGreatAgain #Trump2016","protected":false,"verified":true,"followers_count":7530717,"friends_count":41,"listed_count":32540,"favourites_count":80,"statuses_count":31612,"created_at":"Wed Mar 18 13:46:38 +0000 2009","utc_offset":-14400,"time_zone":"Eastern Time (US & Canada)","geo_enabled":true,"lang":"en","contributors_enabled":false,"is_translator":false,"profile_background_color":"6D5C18","profile_background_image_url":"http://pbs.twimg.com/profile_background_images/530021613/trump_scotland__43_of_70_cc.jpg","profile_background_image_url_https":"https://pbs.twimg.com/profile_background_images/530021613/trump_scotland__43_of_70_cc.jpg","profile_background_tile":true,"profile_link_color":"0D5B73","profile_sidebar_border_color":"BDDCAD","profile_sidebar_fill_color":"C5CEC0","profile_text_color":"333333","profile_use_background_image":true,"profile_image_url":"http://pbs.twimg.com/profile_images/1980294624/DJT_Headshot_V2_normal.jpg","profile_image_url_https":"https://pbs.twimg.com/profile_images/1980294624/DJT_Headshot_V2_normal.jpg","profile_banner_url":"https://pbs.twimg.com/profile_banners/25073877/1460170262","default_profile":false,"default_profile_image":false,"following":null,"follow_request_sent":null,"notifications":null},"geo":null,"coordinates":null,"place":null,"contributors":null,"is_quote_status":false,"retweet_count":766,"favorite_count":2598,"entities":{"hashtags":[],"urls":[],"user_mentions":[{"screen_name":"getreal1234","name":"Dave","id":4529902403,"id_str":"4529902403","indices":[1,13]},{"screen_name":"realDonaldTrump","name":"Donald J. Trump","id":25073877,"id_str":"25073877","indices":[15,31]},{"screen_name":"Kids123Nicholas","name":"nicholas","id":802953978,"id_str":"802953978","indices":[32,48]},{"screen_name":"gqforbes","name":"Gary Forbes","id":308555809,"id_str":"308555809","indices":[49,58]},{"screen_name":"RepTomMarino","name":"Rep. Tom Marino","id":240363117,"id_str":"240363117","indices":[59,72]}],"symbols":[]},"favorited":false,"retweeted":false,"filter_level":"low","lang":"en"},"is_quote_status":false,"retweet_count":0,"favorite_count":0,"entities":{"hashtags":[],"urls":[],"user_mentions":[{"screen_name":"realDonaldTrump","name":"Donald J. Trump","id":25073877,"id_str":"25073877","indices":[3,19]},{"screen_name":"getreal1234","name":"Dave","id":4529902403,"id_str":"4529902403","indices":[22,34]},{"screen_name":"realDonaldTrump","name":"Donald J. Trump","id":25073877,"id_str":"25073877","indices":[36,52]},{"screen_name":"Kids123Nicholas","name":"nicholas","id":802953978,"id_str":"802953978","indices":[53,69]},{"screen_name":"gqforbes","name":"Gary Forbes","id":308555809,"id_str":"308555809","indices":[70,79]},{"screen_name":"RepTomMarino","name":"Rep. Tom Marino","id":240363117,"id_str":"240363117","indices":[80,93]}],"symbols":[]},"favorited":false,"retweeted":false,"filter_level":"low","lang":"en","timestamp_ms":"1460297469545"}]