[{"created_at":"Thu Mar 10 00:19:25 +0000 2016","id":707722491268100100,"id_str":"707722491268100096","text":"That nigga @DJ_TuReel 😂😂 https://t.co/kLWwPO6N5A","source":"<a href=\"http://twitter.com/download/iphone\" rel=\"nofollow\">Twitter for iPhone</a>","truncated":false,"in_reply_to_status_id":null,"in_reply_to_status_id_str":null,"in_reply_to_user_id":null,"in_reply_to_user_id_str":null,"in_reply_to_screen_name":null,"user":{"id":295187821,"id_str":"295187821","name":"Sebastian_Ⓜ️☔️","screen_name":"LawrenceTheShow","location":"Views....Ⓜ️","url":null,"description":"God 1⃣st. Young, Black, ViSoNaRy 〽️ I like to be different.. Focused on other things besides women... |HTX ✈LBK|..N$W£t stay tooned... #TeamDope","protected":false,"verified":false,"followers_count":764,"friends_count":342,"listed_count":2,"favourites_count":2866,"statuses_count":23325,"created_at":"Sun May 08 14:51:26 +0000 2011","utc_offset":-18000,"time_zone":"Eastern Time (US & Canada)","geo_enabled":true,"lang":"en","contributors_enabled":false,"is_translator":false,"profile_background_color":"0099B9","profile_background_image_url":"http://pbs.twimg.com/profile_background_images/620872200/iog9avfamdqsv39v9nv6.jpeg","profile_background_image_url_https":"https://pbs.twimg.com/profile_background_images/620872200/iog9avfamdqsv39v9nv6.jpeg","profile_background_tile":true,"profile_link_color":"0099B9","profile_sidebar_border_color":"5ED4DC","profile_sidebar_fill_color":"95E8EC","profile_text_color":"3C3940","profile_use_background_image":true,"profile_image_url":"http://pbs.twimg.com/profile_images/701056352043606016/Wtoo1YJU_normal.jpg","profile_image_url_https":"https://pbs.twimg.com/profile_images/701056352043606016/Wtoo1YJU_normal.jpg","profile_banner_url":"https://pbs.twimg.com/profile_banners/295187821/1454980504","default_profile":false,"default_profile_image":false,"following":null,"follow_request_sent":null,"notifications":null},"geo":null,"coordinates":null,"place":null,"contributors":null,"quoted_status_id":707273263810883600,"quoted_status_id_str":"707273263810883584","quoted_status":{"created_at":"Tue Mar 08 18:34:21 +0000 2016","id":707273263810883600,"id_str":"707273263810883584","text":"Mention a person who would smoke my butts? https://t.co/zmm8Ad0q4w","source":"<a href=\"http://twitter.com/download/iphone\" rel=\"nofollow\">Twitter for iPhone</a>","truncated":false,"in_reply_to_status_id":null,"in_reply_to_status_id_str":null,"in_reply_to_user_id":null,"in_reply_to_user_id_str":null,"in_reply_to_screen_name":null,"user":{"id":51404605,"id_str":"51404605","name":"AlmightySo","screen_name":"ChiefKeef","location":"GBE","url":"http://GloGangWorldWide.com","description":"I go by SosaOtto! or Otto Or Lo or or So or To Or Almighty! BookingShowsFeaturesAndGgPBeats@Gmail.com","protected":false,"verified":true,"followers_count":1121496,"friends_count":1967,"listed_count":1833,"favourites_count":1364,"statuses_count":26242,"created_at":"Sat Jun 27 10:27:52 +0000 2009","utc_offset":-21600,"time_zone":"Central Time (US & Canada)","geo_enabled":true,"lang":"en","contributors_enabled":false,"is_translator":false,"profile_background_color":"00D9FF","profile_background_image_url":"http://pbs.twimg.com/profile_background_images/462079959947681792/K6ZHQYcd.png","profile_background_image_url_https":"https://pbs.twimg.com/profile_background_images/462079959947681792/K6ZHQYcd.png","profile_background_tile":true,"profile_link_color":"FF0000","profile_sidebar_border_color":"FFFFFF","profile_sidebar_fill_color":"99CC33","profile_text_color":"3E4415","profile_use_background_image":true,"profile_image_url":"http://pbs.twimg.com/profile_images/664431665901514752/K8EVU_sD_normal.jpg","profile_image_url_https":"https://pbs.twimg.com/profile_images/664431665901514752/K8EVU_sD_normal.jpg","profile_banner_url":"https://pbs.twimg.com/profile_banners/51404605/1447247875","default_profile":false,"default_profile_image":false,"following":null,"follow_request_sent":null,"notifications":null},"geo":null,"coordinates":null,"place":null,"contributors":null,"is_quote_status":false,"retweet_count":0,"favorite_count":0,"entities":{"hashtags":[],"urls":[],"user_mentions":[],"symbols":[],"media":[{"id":707273253077721100,"id_str":"707273253077721088","indices":[43,66],"media_url":"http://pbs.twimg.com/media/CdC9RsDVIAAVHUW.jpg","media_url_https":"https://pbs.twimg.com/media/CdC9RsDVIAAVHUW.jpg","url":"https://t.co/zmm8Ad0q4w","display_url":"pic.twitter.com/zmm8Ad0q4w","expanded_url":"http://twitter.com/ChiefKeef/status/707273263810883584/photo/1","type":"photo","sizes":{"large":{"w":1024,"h":1365,"resize":"fit"},"thumb":{"w":150,"h":150,"resize":"crop"},"medium":{"w":600,"h":800,"resize":"fit"},"small":{"w":340,"h":453,"resize":"fit"}}}]},"extended_entities":{"media":[{"id":707273253077721100,"id_str":"707273253077721088","indices":[43,66],"media_url":"http://pbs.twimg.com/media/CdC9RsDVIAAVHUW.jpg","media_url_https":"https://pbs.twimg.com/media/CdC9RsDVIAAVHUW.jpg","url":"https://t.co/zmm8Ad0q4w","display_url":"pic.twitter.com/zmm8Ad0q4w","expanded_url":"http://twitter.com/ChiefKeef/status/707273263810883584/photo/1","type":"photo","sizes":{"large":{"w":1024,"h":1365,"resize":"fit"},"thumb":{"w":150,"h":150,"resize":"crop"},"medium":{"w":600,"h":800,"resize":"fit"},"small":{"w":340,"h":453,"resize":"fit"}}}]},"favorited":false,"retweeted":false,"possibly_sensitive":true,"filter_level":"low","lang":"en"},"is_quote_status":true,"retweet_count":0,"favorite_count":0,"entities":{"hashtags":[],"urls":[{"url":"https://t.co/kLWwPO6N5A","expanded_url":"https://twitter.com/chiefkeef/status/707273263810883584","display_url":"twitter.com/chiefkeef/stat…","indices":[25,48]}],"user_mentions":[{"screen_name":"DJ_TuReel","name":"TuReelInThe〽️ixx","id":31290902,"id_str":"31290902","indices":[11,21]}],"symbols":[]},"favorited":false,"retweeted":false,"possibly_sensitive":false,"filter_level":"low","lang":"en","timestamp_ms":"1457569165423"}]